{
    "description": "The settings in this file are persisted server-side. This file is generated automatically. Editing it is not recommended. Modify SettingsToPersist.json to specify which settings are persisted.",
    "files": [
        {
            "name": "Game.cfg",
            "sections": [
                {
                    "name": "Accessibility",
                    "settings": [
                        {
                            "name": "ColorBrightness",
                            "value": "0.5000"
                        },
                        {
                            "name": "ColorContrast",
                            "value": "0.5000"
                        },
                        {
                            "name": "ColorGamma",
                            "value": "0.5000"
                        },
                        {
                            "name": "ColorLevel",
                            "value": "0.5000"
                        }
                    ]
                },
                {
                    "name": "Chat",
                    "settings": [
                        {
                            "name": "EnableChatFilter",
                            "value": "1"
                        },
                        {
                            "name": "NativeOffsetX",
                            "value": "0.0000"
                        },
                        {
                            "name": "NativeOffsetY",
                            "value": "0.0000"
                        },
                        {
                            "name": "ReplayNativeOffsetX",
                            "value": "0.0000"
                        },
                        {
                            "name": "ReplayNativeOffsetY",
                            "value": "0.0000"
                        }
                    ]
                },
                {
                    "name": "ColorPalette",
                    "settings": [
                        {
                            "name": "ColorPalette",
                            "value": "0"
                        }
                    ]
                },
                {
                    "name": "FloatingText",
                    "settings": [
                        {
                            "name": "Damage_Enabled",
                            "value": "0"
                        },
                        {
                            "name": "Dodge_Enabled",
                            "value": "0"
                        },
                        {
                            "name": "EnemyDamage_Enabled",
                            "value": "0"
                        },
                        {
                            "name": "Experience_Enabled",
                            "value": "0"
                        },
                        {
                            "name": "Gold_Enabled",
                            "value": "0"
                        },
                        {
                            "name": "Heal_Enabled",
                            "value": "0"
                        },
                        {
                            "name": "Invulnerable_Enabled",
                            "value": "0"
                        },
                        {
                            "name": "Level_Enabled",
                            "value": "0"
                        },
                        {
                            "name": "ManaDamage_Enabled",
                            "value": "0"
                        },
                        {
                            "name": "QuestReceived_Enabled",
                            "value": "0"
                        },
                        {
                            "name": "Score_Enabled",
                            "value": "0"
                        },
                        {
                            "name": "Special_Enabled",
                            "value": "0"
                        }
                    ]
                },
                {
                    "name": "General",
                    "settings": [
                        {
                            "name": "AutoAcquireTarget",
                            "value": "1"
                        },
                        {
                            "name": "CfgVersion",
                            "value": "13.5.495.8836"
                        },
                        {
                            "name": "CursorOverride",
                            "value": "0"
                        },
                        {
                            "name": "CursorScale",
                            "value": "0.5000"
                        },
                        {
                            "name": "EnableAudio",
                            "value": "0"
                        },
                        {
                            "name": "EnableLeftMouseButtonAttackMove",
                            "value": "0"
                        },
                        {
                            "name": "EnableScreenShake",
                            "value": "0"
                        },
                        {
                            "name": "EnableTargetedAttackMove",
                            "value": "1"
                        },
                        {
                            "name": "GameMouseSpeed",
                            "value": "10"
                        },
                        {
                            "name": "OSXMouseAcceleration",
                            "value": "1"
                        },
                        {
                            "name": "PredictMovement",
                            "value": "0"
                        },
                        {
                            "name": "RecommendJunglePaths",
                            "value": "0"
                        },
                        {
                            "name": "RelativeTeamColors",
                            "value": "1"
                        },
                        {
                            "name": "ShowTurretRangeIndicators",
                            "value": "0"
                        },
                        {
                            "name": "SnapCameraOnRespawn",
                            "value": "1"
                        },
                        {
                            "name": "TargetChampionsOnlyAsToggle",
                            "value": "0"
                        },
                        {
                            "name": "ThemeMusic",
                            "value": "0"
                        }
                    ]
                },
                {
                    "name": "HUD",
                    "settings": [
                        {
                            "name": "AutoDisplayTarget",
                            "value": "1"
                        },
                        {
                            "name": "CameraLockMode",
                            "value": "0"
                        },
                        {
                            "name": "ChatChannelVisibility",
                            "value": "1"
                        },
                        {
                            "name": "ChatScale",
                            "value": "100"
                        },
                        {
                            "name": "DeathRecapScale",
                            "value": "1.0000"
                        },
                        {
                            "name": "DisableHudSpellClick",
                            "value": "0"
                        },
                        {
                            "name": "DrawHealthBars",
                            "value": "1"
                        },
                        {
                            "name": "EmotePopupUIDisplayMode",
                            "value": "0"
                        },
                        {
                            "name": "EmoteSize",
                            "value": "0"
                        },
                        {
                            "name": "EnableLineMissileVis",
                            "value": "1"
                        },
                        {
                            "name": "EternalsMilestoneDisplayMode",
                            "value": "0"
                        },
                        {
                            "name": "FlashScreenWhenDamaged",
                            "value": "0"
                        },
                        {
                            "name": "FlashScreenWhenStunned",
                            "value": "0"
                        },
                        {
                            "name": "FlipMiniMap",
                            "value": "0"
                        },
                        {
                            "name": "GlobalScale",
                            "value": "1.0000"
                        },
                        {
                            "name": "HideEnemySummonerEmotes",
                            "value": "0"
                        },
                        {
                            "name": "KeyboardScrollSpeed",
                            "value": "0.5000"
                        },
                        {
                            "name": "MapScrollSpeed",
                            "value": "0.5000"
                        },
                        {
                            "name": "MiddleClickDragScrollEnabled",
                            "value": "0"
                        },
                        {
                            "name": "MiddleMouseScrollSpeed",
                            "value": "0.5000"
                        },
                        {
                            "name": "MinimapMoveSelf",
                            "value": "1"
                        },
                        {
                            "name": "MinimapScale",
                            "value": "1.0000"
                        },
                        {
                            "name": "MirroredScoreboard",
                            "value": "0"
                        },
                        {
                            "name": "NameTagDisplay",
                            "value": "1"
                        },
                        {
                            "name": "NumericCooldownFormat",
                            "value": "1"
                        },
                        {
                            "name": "ObjectiveVoteScale",
                            "value": "1.0000"
                        },
                        {
                            "name": "PracticeToolScale",
                            "value": "1.0000"
                        },
                        {
                            "name": "ScrollSmoothingEnabled",
                            "value": "0"
                        },
                        {
                            "name": "ShopScale",
                            "value": "0.4444"
                        },
                        {
                            "name": "ShowAllChannelChat",
                            "value": "0"
                        },
                        {
                            "name": "ShowAllChannelChatSpectator",
                            "value": "0"
                        },
                        {
                            "name": "ShowAlliedChat",
                            "value": "1"
                        },
                        {
                            "name": "ShowAttackRadius",
                            "value": "1"
                        },
                        {
                            "name": "ShowChampionIndicator",
                            "value": "0"
                        },
                        {
                            "name": "ShowFPSAndLatency",
                            "value": "0"
                        },
                        {
                            "name": "ShowHealthBarShake",
                            "value": "0"
                        },
                        {
                            "name": "ShowNeutralCamps",
                            "value": "1"
                        },
                        {
                            "name": "ShowOffScreenPointsOfInterest",
                            "value": "1"
                        },
                        {
                            "name": "ShowPlayerPerks",
                            "value": "0"
                        },
                        {
                            "name": "ShowPlayerStats",
                            "value": "0"
                        },
                        {
                            "name": "ShowSpellCosts",
                            "value": "0"
                        },
                        {
                            "name": "ShowSpellRecommendations",
                            "value": "1"
                        },
                        {
                            "name": "ShowStatsPanel_StatStones",
                            "value": "0"
                        },
                        {
                            "name": "ShowSummonerNames",
                            "value": "0"
                        },
                        {
                            "name": "ShowSummonerNamesInScoreboard",
                            "value": "1"
                        },
                        {
                            "name": "ShowTeamFramesOnLeft",
                            "value": "0"
                        },
                        {
                            "name": "ShowTimestamps",
                            "value": "0"
                        },
                        {
                            "name": "SmartCastOnKeyRelease",
                            "value": "0"
                        },
                        {
                            "name": "SmartCastWithIndicator_CastWhenNewSpellSelected",
                            "value": "0"
                        }
                    ]
                },
                {
                    "name": "ItemShop",
                    "settings": [
                        {
                            "name": "BootsPanelPinned",
                            "value": "1"
                        },
                        {
                            "name": "ConsumablesPanelPinned",
                            "value": "1"
                        },
                        {
                            "name": "CurrentTab",
                            "value": "0"
                        },
                        {
                            "name": "InventoryPanelPinned",
                            "value": "0"
                        },
                        {
                            "name": "InvertDisplayOrder",
                            "value": "1"
                        },
                        {
                            "name": "NativeOffsetX",
                            "value": "0.0000"
                        },
                        {
                            "name": "NativeOffsetY",
                            "value": "0.0000"
                        }
                    ]
                },
                {
                    "name": "LossOfControl",
                    "settings": [
                        {
                            "name": "LossOfControlEnabled",
                            "value": "0"
                        }
                    ]
                },
                {
                    "name": "Performance",
                    "settings": [
                        {
                            "name": "EnableHUDAnimations",
                            "value": "0"
                        }
                    ]
                },
                {
                    "name": "TFTChat",
                    "settings": [
                        {
                            "name": "NativeOffsetX",
                            "value": "0.0000"
                        },
                        {
                            "name": "NativeOffsetY",
                            "value": "0.0000"
                        }
                    ]
                },
                {
                    "name": "TFTHUD",
                    "settings": [
                        {
                            "name": "EnableChat",
                            "value": "1"
                        }
                    ]
                },
                {
                    "name": "Voice",
                    "settings": [
                        {
                            "name": "ShowVoiceChatHalos",
                            "value": "1"
                        },
                        {
                            "name": "ShowVoicePanelWithScoreboard",
                            "value": "1"
                        }
                    ]
                },
                {
                    "name": "Volume",
                    "settings": [
                        {
                            "name": "AmbienceMute",
                            "value": "0"
                        },
                        {
                            "name": "AmbienceVolume",
                            "value": "0.7500"
                        },
                        {
                            "name": "AnnouncerMute",
                            "value": "0"
                        },
                        {
                            "name": "AnnouncerVolume",
                            "value": "0.7500"
                        },
                        {
                            "name": "MasterMute",
                            "value": "0"
                        },
                        {
                            "name": "MasterVolume",
                            "value": "1.0000"
                        },
                        {
                            "name": "MusicMute",
                            "value": "0"
                        },
                        {
                            "name": "MusicVolume",
                            "value": "0.7500"
                        },
                        {
                            "name": "PingsMute",
                            "value": "0"
                        },
                        {
                            "name": "PingsVolume",
                            "value": "0.7500"
                        },
                        {
                            "name": "SfxMute",
                            "value": "0"
                        },
                        {
                            "name": "SfxVolume",
                            "value": "0.7500"
                        },
                        {
                            "name": "VoiceMute",
                            "value": "0"
                        },
                        {
                            "name": "VoiceVolume",
                            "value": "0.7500"
                        }
                    ]
                }
            ]
        },
        {
            "name": "Input.ini",
            "sections": [
                {
                    "name": "GameEvents",
                    "settings": [
                        {
                            "name": "evntPlayerPingCursorDanger",
                            "value": "[<Unbound>]"
                        },
                        {
                            "name": "evtChatHistory",
                            "value": "[<Unbound>]"
                        },
                        {
                            "name": "evtLevelSpell1",
                            "value": "[z]"
                        },
                        {
                            "name": "evtLevelSpell2",
                            "value": "[x]"
                        },
                        {
                            "name": "evtLevelSpell3",
                            "value": "[c]"
                        },
                        {
                            "name": "evtLevelSpell4",
                            "value": "[v]"
                        },
                        {
                            "name": "evtPlayerAttackMove",
                            "value": "[a],[<Unbound>]"
                        },
                        {
                            "name": "evtShowCharacterMenu",
                            "value": "[<Unbound>]"
                        },
                        {
                            "name": "evtShowCharacterMenuSpectator",
                            "value": "[<Unbound>]"
                        },
                        {
                            "name": "evtToggleObserverVisibility",
                            "value": "[<Unbound>]"
                        },
                        {
                            "name": "evtToggleScoreboardGoldDisplay",
                            "value": "[<Unbound>]"
                        }
                    ]
                },
                {
                    "name": "Quickbinds",
                    "settings": [
                        {
                            "name": "evtUseItem1smart",
                            "value": "1"
                        },
                        {
                            "name": "evtUseItem2smart",
                            "value": "1"
                        },
                        {
                            "name": "evtUseItem3smart",
                            "value": "1"
                        },
                        {
                            "name": "evtUseItem4smart",
                            "value": "1"
                        },
                        {
                            "name": "evtUseItem5smart",
                            "value": "1"
                        },
                        {
                            "name": "evtUseItem6smart",
                            "value": "1"
                        },
                        {
                            "name": "evtUseVisionItemsmart",
                            "value": "1"
                        }
                    ]
                }
            ]
        }
    ]
}